{
	"format_version": "1.8.0",
	"animations": {
		"misc.idle": {
			"loop": true,
			"animation_length": 0.5,
			"bones": {
				"left_wing": {
					"rotation": {
						"0.0": [30.4323, -28.9658, -47.155],
						"0.125": [21.14988, -22.43773, -43.05317],
						"0.25": [30.4323, -28.9658, -47.155],
						"0.375": [42.91198, -35.3528, -51.80458],
						"0.5": [30.4323, -28.9658, -47.155]
					},
					"position": [0, -1, -0.5]
				},
				"right_wing": {
					"rotation": {
						"0.0": [30.4323, 28.96577, 47.15502],
						"0.125": [21.1499, 22.4377, 43.0532],
						"0.25": [30.4323, 28.9658, 47.155],
						"0.375": [40.41198, 35.3528, 51.80458],
						"0.5": [30.4323, 28.9658, 47.155]
					},
					"position": [0, -1, -0.5]
				},
				"right_arm": {
					"rotation": [0, 0, 20],
					"position": [0.5, -0.5, -0.5]
				},
				"left_arm": {
					"rotation": [0, 0, -20],
					"position": [-0.5, -0.5, -0.5]
				},
				"right_leg": {
					"rotation": [20, 0, 0],
					"position": [0, 0, 0]
				},
				"left_leg": {
					"rotation": [20, 0, 0],
					"position": [0, 0, 0]
				}
			}
		}
	}
}